<?xml version="1.0" encoding="UTF-8"?>
<beans xmlns="http://www.springframework.org/schema/beans"
    xmlns:xsi="http://www.w3.org/2001/XMLSchema-instance"
    xmlns:mvc="http://www.springframework.org/schema/mvc"
    xmlns:context="http://www.springframework.org/schema/context"
    xmlns:tx="http://www.springframework.org/schema/tx"
    xsi:schemaLocation="http://www.springframework.org/schema/beans http://www.springframework.org/schema/beans/spring-beans.xsd
        http://www.springframework.org/schema/mvc http://www.springframework.org/schema/mvc/spring-mvc.xsd
        http://www.springframework.org/schema/context http://www.springframework.org/schema/context/spring-context.xsd
        http://www.springframework.org/schema/tx http://www.springframework.org/schema/tx/spring-tx-4.0.xsd">

	<bean id="newDataSource" class="org.apache.commons.dbcp.BasicDataSource" destroy-method="close">
	    <property name="driverClassName" value="com.mysql.jdbc.Driver"/>
	    <property name="url" value="jdbc:mysql://localhost:3306/learninggoods"/>
	    <property name="username" value="root"/>
	    <property name="password" value="password"/>        
	</bean>

	<context:component-scan base-package="com.learninggoods"/> 

	<bean id="mySessionFactory" class="org.springframework.orm.hibernate4.LocalSessionFactoryBean">
		<property name="dataSource" ref="newDataSource"></property>  	
			<property name="annotatedClasses">
				<list>
				<value>com.learninggoods.dao.entity.User</value>
				<value>com.learninggoods.dao.entity.Admin</value>
				<value>com.learninggoods.dao.entity.Feedbacks</value>
				<value>com.learninggoods.dao.entity.Posts</value>
				<value>com.learninggoods.dao.entity.Tests</value>
				<value>com.learninggoods.dao.entity.Reply</value>
				<value>com.learninggoods.dao.entity.Roles</value>
				<value>com.learninggoods.dao.entity.Notifications</value>
				<value>com.learninggoods.dao.entity.Course</value>
				<value>com.learninggoods.dao.entity.Loggers</value>
				</list>
			</property>
		<property name="hibernateProperties">
			<props>
				<prop key="hibernate.dialect">org.hibernate.dialect.MySQL5Dialect</prop>
				<prop key="hibernate.hbm2ddl.auto">update</prop>	
				<prop key="hibernate.show_sql">true</prop>
				<prop key="hibernate.format_sql">true</prop>
			</props>
		</property>
		<property name="packagesToScan">
	         <list>
				<value>com.learninggoods.dao.entity.User</value>
				<value>com.learninggoods.dao.entity.Admin</value>
				<value>com.learninggoods.dao.entity.Feedbacks</value>
				<value>com.learninggoods.dao.entity.Posts</value>
				<value>com.learninggoods.dao.entity.Tests</value>
				<value>com.learninggoods.dao.entity.Reply</value>
				<value>com.learninggoods.dao.entity.Roles</value>
				<value>com.learninggoods.dao.entity.Notifications</value>
				<value>com.learninggoods.dao.entity.Course</value>
				<value>com.learninggoods.dao.entity.Loggers</value>
	         </list>
	     </property>       
	</bean>

	<bean id="transactionManager" class="org.springframework.orm.hibernate4.HibernateTransactionManager">
	        <property name="sessionFactory" ref="mySessionFactory" />
	</bean>


</beans>